metric,value
baseline_queries,105801
cases,50000
clauses,17678
exhaustive_cases,12350
graph_cases,50
invalid_queries,14235
literals,37906
local_certificates,474
medium_cases,1200
original_provider_false_accept,0
original_provider_false_reject,6367
queries,231071
selective_old_log_false_accept,4034
selective_old_log_false_reject,6469
selective_old_log_wrong_valid_state,2085
small_cases,36400
snapshot_delta_false_accept,6338
snapshot_delta_wrong_valid_state,1956
success_certificates,49526
valid_queries,216836
write_only_false_accept,6338
