id,claim,proof,paper_location,implementation,evidence,maturity,boundary
C1,Typed replay and contextual reversal,T1--T3,paper/sections/03-semantics.tex; paper/sections/a-proof-details.tex,src/engine.py; src/checker.py,results/tests.json; results/campaign/coverage.json,proved + finite checked,Fixed matching and explicit receipts.
C2,Original receipts are not generally safe after selective erasure,T5,paper/sections/03-semantics.tex; paper/sections/g-adversarial-cases.tex,src/checker.py,results/tests.json,proved + negative control,Independent-cell receipts can remain safe; claim is not universal failure.
C3,Local observation normalization and prime certificates,T6--T12,paper/sections/04-normalization.tex,src/producer.py; src/checker.py,results/tests.json; results/pilots,proved + exhaustive tiny checks,One fixed explicit unary observation.
C4,Local minimum facts bind the query mask and compare all smaller compatible sets,T12,paper/sections/04-normalization.tex; paper/sections/b-checker-protocol.tex,src/checker.py,results/tests.json targeted_protocol,proved protocol + targeted regression,Inclusion-minimal alone is insufficient.
C5,One-write fragment is polynomial by closure,T24,paper/sections/05-one-write.tex,src/structural.py; src/producer.py; src/checker.py,results/structural.json,proved + finite checked,Only the declared one-write fragment.
C6,Two-write policy feasibility is NP-complete with one event per aspect,T25,paper/sections/06-two-write.tex; paper/sections/a-proof-details.tex,src/structural.py::two_writer_sat,results/structural.json; results/structural-cases.jsonl,proved + 274 bounded instances,Events may touch polynomially many cells; no constant-arity claim.
C7,Accepted success and rejection certificates are sound under the schema,L19--T21,paper/sections/07-certificates.tex; paper/sections/b-checker-protocol.tex,src/checker.py,results/tests.json; campaign; examples,proved + finite replay,Packet provenance is trusted.
C8,Campaign counts and certificate coverage,n/a,paper/sections/09-evaluation.tex; paper/sections/h-results-ledger.tex,reproduce.py; verify.py,results/campaign; results/clean-reproduction.json,measured,"Synthetic deterministic campaign, not production evaluation."
C9,Two clean reproductions have equal scientific records,n/a,paper/sections/09-evaluation.tex,reproduce_all.py,results/final-validation/two-run-comparison.json,independently rerun within project,Timing/RSS excluded.
C10,Six source-guided projections execute,n/a,paper/sections/k-source-projections.tex,tests/test_examples.py,results/examples,finite checked,Five source passages/figures; no upstream tools executed.
