source,venue,category,complete_paper_basis,motivating_problem,general_principle,proof_or_performance_argument,practical_connection,evaluation_breadth,artifact_strength,narrative_sequence,section_pattern,bibliography_size_note,figure_table_roles,pattern_used_in_manuscript,completed_calibration
"Foster et al. 2007, Combinators for Bidirectional Tree Transformations",TOPLAS,same-venue,Complete paper traversed; laws and application sections read at claim level,Bidirectional tree updates need a typed compositional language,Round-trip laws plus complement-carrying combinators,Semantic laws and derived forms precede implementation discussion,Structured tree transformation examples,Multiple combinators and a substantial application,Formal definitions and executable language account,problem -> laws -> combinators -> derived forms -> application -> related work,8 main sections plus related work,large reference list; exact count not used quantitatively,Equational laws and examples carry the argument,Put round-trip laws before implementation; keep lens terminology conventional,Yes
"Acar et al. 2006, Adaptive Functional Programming",TOPLAS,same-venue,"Complete journal paper traversed; semantics, metatheory, and implementation sections read",Incremental recomputation needs a safe language account,Dynamic dependence traces and change propagation,Type safety and change-propagation correctness with implementation evidence,Adaptive functional programs and examples,Theory plus implementation-oriented examples,Language implementation and formal semantics,motivation -> language -> dynamic semantics -> correctness -> implementation -> examples,language/metatheory/implementation/evaluation sequence,moderate-large reference list; exact count not used quantitatively,Rules and system diagrams explain the mechanism,"Separate admission, dynamic semantics, theorem, and bounded evidence",Yes
"Acar et al. 2009, An Experimental Analysis of Self-Adjusting Computation",TOPLAS,same-venue,"Complete paper traversed; benchmark protocol, implementation, and threats inspected",Self-adjusting computation needs evidence across workloads,Dependency maintenance and change propagation,Multi-application empirical comparison with explicit methodology,Several incremental applications,Multiple workload families and update patterns,Implemented system with reproducible benchmark structure,problem -> system -> experimental protocol -> per-application results -> synthesis,system and methodology before results,moderate-large reference list; exact count not used quantitatively,Tables/plots distinguish populations and costs,Separate experimental populations; do not turn feasibility timing into a speed claim,Yes
"Liu et al. 1998, Static Caching for Incremental Computation",TOPLAS,same-venue,"Complete paper traversed; transformation, correctness, and worked examples read",Avoid recomputation by retaining reusable intermediate information,Program transformation for static caching,Correctness development links cached state to original semantics,Incremental program examples,Worked transformations and analyses,Algorithmic transformation account,problem -> transformation -> correctness -> examples -> comparison,method/proof/examples structure,moderate reference list; exact count not used quantitatively,Examples expose what state is retained,"Tie retained trace information to a precise contract, not cache intuition",Yes
"Ferrante et al. 1987, The Program Dependence Graph and Its Use in Optimization",TOPLAS,same-venue,"Complete paper traversed; dependence definitions, construction, and uses read",Optimizations need a representation of control and data dependence,Program dependence graph,Construction and semantic interpretation support transformations,Compiler optimization uses,Multiple dependence and optimization examples,"Foundational representation, no packaged artifact expected",problem -> representation -> construction -> transformations -> implications,definitions/algorithms/applications,moderate reference list; exact count not used quantitatively,Core graph figures make edge meaning explicit,Introduce a representation through the question it answers and its non-meaning,Yes
"Horwitz et al. 1990, Interprocedural Slicing Using Dependence Graphs",TOPLAS,same-venue,"Complete paper traversed; graph construction, theorem, algorithm, and examples read",Slicing across procedures requires precise interprocedural dependence,System dependence graph and slicing algorithm,Interprocedural correctness theorem and construction,Program slicing examples,Several procedural examples and algorithmic cases,Formal algorithmic development,problem -> graph -> theorem -> algorithm -> examples -> related work,construction/proof/algorithm/evaluation,moderate reference list; exact count not used quantitatively,Graph diagrams separate local and interprocedural edges,Keep local observation structure separate from global policy composition,Yes
"Horwitz et al. 1989, Integrating Noninterfering Versions of Programs",TOPLAS,same-venue,"Complete paper traversed; criterion, integration algorithm, and correctness reasoning read",Program versions need safe semantic integration,Noninterference defined through dependence,Correctness argument for integration under the criterion,Version integration examples,Multiple structured programs and counterconditions,Algorithm and formal criterion,problem -> criterion -> algorithm -> proof -> examples,semantic criterion before implementation,moderate reference list; exact count not used quantitatively,Dependence examples show why names are insufficient,"Treat independence as semantic, not syntactic disjointness",Yes
"Rinard and Diniz 1997, Commutativity Analysis",TOPLAS,same-venue,"Complete paper traversed; analysis condition, compiler use, and evaluation read",Parallelizing compilers need semantic reordering tests,Commutativity as a program analysis property,Analysis soundness plus compiler experiments,Parallelization of object-oriented programs,Application benchmarks and transformed code,Compiler implementation and evaluation,motivation -> commutativity condition -> analysis -> compiler -> experiments,theory-to-system sequence,moderate reference list; exact count not used quantitatively,Performance tables follow semantic condition,State a conservative semantic commuting rule and avoid completeness language,Yes
"Stoyle et al. 2007, Mutatis Mutandis",TOPLAS,same-venue,"Complete paper traversed; calculus, safety, approximation, and implementation examples read",Dynamic updates need predictable safety,Typed core calculus and static update approximation,Type-safety argument and conservative analysis,Dynamic software updating examples,Several update patterns and implementation cases,Formal language plus prototype-oriented account,problem -> calculus -> safety -> approximation -> cases,calculus/metatheory/implementation,large reference list; exact count not used quantitatively,Operational rules and examples carry boundaries,Use a small explicit calculus while excluding production claims,Yes
"Archer et al. 1984, User Recovery and Reversal in Interactive Systems",TOPLAS,same-venue,Complete paper traversed; recovery model and interaction examples read,Interactive systems need principled recovery and reversal,Formal recovery/reversal model,Model properties and operational examples,Interactive command recovery,Representative interaction sequences,Historical formal model,problem -> model -> operations -> examples -> implications,model and scenarios,small-moderate reference list; exact count not used quantitatively,State-transition examples show recovery choices,Distinguish predecessor recovery from policy-constrained selective replay,Yes
"Leeman 1986, A Formal Approach to Undo Operations in Programming Languages",TOPLAS,same-venue,"Complete paper traversed; operational definitions, undo semantics, and examples read",Language-level undo needs occurrence-aware semantics,Formal inverse/undo operations with explicit history,Semantic rules and correctness considerations,Programming-language command examples,Multiple undo behaviors and limitations,Formal semantic treatment,problem -> semantic model -> undo rules -> examples -> limitations,formalism/examples/discussion,small-moderate reference list; exact count not used quantitatively,Execution traces clarify order,Make occurrence identity and inverse order explicit,Yes
"Apt 2000, The Role of Commutativity in Constraint Propagation Algorithms",TOPLAS,same-venue,"Complete 35-page paper traversed; generic iteration, correctness, instantiations, and conclusion read",Constraint algorithms need a unifying correctness framework,Least-fixpoint iteration refined by commutativity and semi-commutativity,"Invariant, termination, and fixpoint proofs; then AC-3/PC-2/DAC/DPC instances",Classical constraint-propagation algorithms,Several derived algorithms and a worked crossword example,"Formal algorithm framework, no separate artifact",motivation/example -> generic algorithm -> correctness -> refinements -> concrete algorithms -> conclusion,12 sections from abstraction to instantiation,large reference list; exact count not used quantitatively,Algorithm blocks and worked figures bridge abstraction to use,Separate abstract principle/proof from instances; require explicit commuting premises,Yes
"Hofmann et al. 2011, Symmetric Lenses",POPL full version,adjacent,"Complete full version traversed; laws, complement discipline, and examples read",Symmetric bidirectional updates require retained information,Symmetric lens laws with complements,Law-based semantic development,Bidirectional synchronization examples,Several lens constructions,Formal calculus and examples,problem -> interface/laws -> combinators -> examples -> comparison,definitions/laws/constructions,moderate reference list; exact count not used quantitatively,Commuting diagrams explain laws,State receipt sufficiency and necessity under a qualified storage model,Yes
"Bohannon et al. 2006, Relational Lenses",PODS,adjacent,"Complete paper traversed; typing, functional dependencies, laws, and examples read",Relational views need well-behaved updates,Typed relational lenses constrained by dependencies,Round-trip laws and type conditions,Database view update,Relational operators and examples,Formal language for database updates,problem -> relational operators -> typing/laws -> examples,operator-by-operator development,moderate reference list; exact count not used quantitatively,Relational examples expose source/view contract,Tie observation stability to an explicit source interface,Yes
"Ulidowski et al. 2018, Reversing Event Structures",New Generation Computing,adjacent,"Complete paper traversed; enabling, prevention, causes, examples, and proofs read",Reversible concurrency needs richer causality than simple logs,Reversing event structures with prevention and alternative causes,Formal properties and correspondence results,Concurrent reversible systems,Multiple event-structure examples,"Formal model, no imported implementation",problem -> model -> examples -> properties -> comparison,definitions/proofs/examples,large reference list; exact count not used quantitatively,Event-structure diagrams reveal disjunctive causes,Use as an adversary against oversimplified dependency claims,Yes
"Lanese et al. 2024, An Axiomatic Theory for Reversible Computation",TOCL,adjacent,"Complete paper traversed; axioms, independence, causal consistency, comparison table, and conclusions read",Reversible formalisms need common axioms,Axiomatic independence and causal-consistency properties,Theorem relations among axioms and semantic properties,Multiple reversible calculi as instances,Cross-formalism comparison,Formal theory and comparative table,motivation -> axioms -> metatheory -> instances -> comparison,axioms/proofs/instances,large reference list; exact count not used quantitatively,Tables compare properties across formalisms,Separate a restricted selected-trace diamond from general causal consistency,Yes
"Plump 1993, Hypergraph Rewriting: Critical Pairs and Undecidability of Confluence",Graph rewriting workshop,adjacent,"Complete paper traversed; critical-pair result, undecidability boundary, and examples read",Graph rewriting needs confluence criteria and limits,Critical pairs for hypergraph rewriting,Formal confluence/undecidability arguments,Graph transformation systems,Theorem-focused examples,Formal theory,problem -> rewriting model -> critical pairs -> theorem -> boundary,compact theorem paper,moderate reference list; exact count not used quantitatively,Rewrite diagrams support critical-pair reasoning,Keep confluence restricted to the declared captured-event fragment,Yes
"Darwiche and Marquis 2002, A Knowledge Compilation Map",JAIR,influential,"Complete paper traversed; representation map, succinctness, and supported-query tables read",Knowledge representations trade succinctness against tractable operations,Map languages by succinctness and transformations/queries,Separation and compilation results,Reasoning tasks over compiled Boolean knowledge,Broad language and operation matrix,Formal survey/map with extensive tables,problem -> languages -> queries/transforms -> comparison map -> implications,representation-by-operation taxonomy,large reference list; exact count not used quantitatively,Tables are the central comparative instrument,Qualify local CNF optimality by representation and output size,Yes
"Necula 1997, Proof-Carrying Code",POPL,influential,"Complete paper traversed; architecture, safety policy, producer/checker split, and examples read",Untrusted code needs efficiently checkable safety evidence,Producer emits proof; small trusted checker validates it,Safety theorem and checker architecture,Mobile/untrusted code,Representative code-safety setting,Prototype architecture and formal rationale,problem -> architecture -> policy -> proof checking -> example -> limits,system/formal argument,moderate reference list; exact count not used quantitatively,Architecture diagrams clarify trust,Explain producer/checker separation without equating checking with authenticity,Yes
"Wetzler et al. 2014, DRAT-trim",SAT 2014,influential,"Complete paper traversed; format, checking/trimming algorithms, experiments, and limitations read",SAT solvers need expressive independently checkable unsat evidence,DRAT proof format plus checker/trimmer,Sound proof-step validation and empirical checking costs,SAT competition proof logging,Benchmark proof corpora and checker measurements,Public checker design described; not executed here,problem -> format -> checker -> trimming -> experiments -> limits,format/algorithm/evaluation,moderate reference list; exact count not used quantitatively,Algorithm and evaluation tables establish practicality,Motivate explicit proof objects while reporting format-specific limits,Yes
"Reiter 1987, A Theory of Diagnosis from First Principles",Artificial Intelligence,influential,"Complete paper traversed; conflict/diagnosis definitions, hitting-set relation, and examples read",Diagnoses need formal minimal explanations of inconsistency,Conflicts and minimal hitting sets,Soundness/completeness relationships,Model-based diagnosis examples,Multiple systems and diagnosis cases,Formal theory and algorithmic implications,problem -> formal model -> conflicts -> diagnoses -> algorithms -> examples,definitions/theorems/examples,moderate reference list; exact count not used quantitatively,Hitting-set diagrams/examples connect local conflicts to diagnoses,"Distinguish local prime obstruction, global conflict, and minimum policy core",Yes
"Green et al. 2007, Provenance Semirings",PODS,influential,"Complete paper traversed; algebra, composition, query semantics, and examples read",Database results need compositional provenance,Semiring annotation semantics,Algebraic theorems and query-composition properties,Relational queries and provenance,Multiple query examples and specializations,Formal framework,problem -> annotations -> algebra -> query semantics -> specializations,algebra/proofs/examples,moderate reference list; exact count not used quantitatively,Annotated query examples show compositionality,"Treat retained-event explanation as semantic provenance, not merely a log",Yes
